<?xml version="1.0" encoding="UTF-8"?>
<project-private xmlns="http://www.netbeans.org/ns/project-private/1">
    <editor-bookmarks xmlns="http://www.netbeans.org/ns/editor-bookmarks/2" lastBookmarkId="0"/>
    <open-files xmlns="http://www.netbeans.org/ns/projectui-open-files/2">
        <group>
            <file>file:/C:/Users/ONPRICE9/Documents/NetBeansProjects/LMS/web/index.jsp</file>
            <file>file:/C:/Users/ONPRICE9/Documents/NetBeansProjects/LMS/web/signin.jsp</file>
            <file>file:/C:/Users/ONPRICE9/Documents/NetBeansProjects/LMS/web/school/admin/category/controller/Add_Category_Controller.jsp</file>
            <file>file:/C:/Users/ONPRICE9/Documents/NetBeansProjects/LMS/web/school/admin/book/controller/Add_Book_Controller.jsp</file>
            <file>file:/C:/Users/ONPRICE9/Documents/NetBeansProjects/LMS/web/school/admin/Student/view/Edit_Complete_Details_Of_Student.jsp</file>
            <file>file:/C:/Users/ONPRICE9/Documents/NetBeansProjects/LMS/src/java/common/Create_Table.java</file>
            <file>file:/C:/Users/ONPRICE9/Documents/NetBeansProjects/LMS/web/school/admin/author/controller/Add_Author_Controller.jsp</file>
            <file>file:/C:/Users/ONPRICE9/Documents/NetBeansProjects/LMS/web/school/admin/author/controller/Edit_Author_Controller.jsp</file>
            <file>file:/C:/Users/ONPRICE9/Documents/NetBeansProjects/LMS/web/school/admin/Student/view/Add_Student.jsp</file>
            <file>file:/C:/Users/ONPRICE9/Documents/NetBeansProjects/LMS/web/school/admin/author/view/Add_Author.jsp</file>
            <file>file:/C:/Users/ONPRICE9/Documents/NetBeansProjects/LMS/web/school/admin/Student/controller/Add_Student_Controller.jsp</file>
            <file>file:/C:/Users/ONPRICE9/Documents/NetBeansProjects/LMS/web/school/admin/book/view/Complete_Details_Of_Book.jsp</file>
            <file>file:/C:/Users/ONPRICE9/Documents/NetBeansProjects/LMS/src/java/admin_table/Admin_Profile_Model.java</file>
            <file>file:/C:/Users/ONPRICE9/Documents/NetBeansProjects/LMS/web/vendor/audioplayer/audioplayer.css</file>
            <file>file:/C:/Users/ONPRICE9/Documents/NetBeansProjects/LMS/web/school/admin/author/view/Edit_Author.jsp</file>
            <file>file:/C:/Users/ONPRICE9/Documents/NetBeansProjects/LMS/web/school/admin/category/view/Search_Category.jsp</file>
            <file>file:/C:/Users/ONPRICE9/Documents/NetBeansProjects/LMS/web/school/admin/book/view/Edit_Book.jsp</file>
            <file>file:/C:/Users/ONPRICE9/Documents/NetBeansProjects/LMS/web/school/admin/common/Admin_Sign_Out_Controller.jsp</file>
            <file>file:/C:/Users/ONPRICE9/Documents/NetBeansProjects/LMS/web/WEB-INF/web.xml</file>
            <file>file:/C:/Users/ONPRICE9/Documents/NetBeansProjects/LMS/web/school/admin/Student/controller/Edit_Student_Controller.jsp</file>
            <file>file:/C:/Users/ONPRICE9/Documents/NetBeansProjects/LMS/web/school/admin/book/view/Search_Book.jsp</file>
            <file>file:/C:/Users/ONPRICE9/Documents/NetBeansProjects/LMS/web/META-INF/context.xml</file>
            <file>file:/C:/Users/ONPRICE9/Documents/NetBeansProjects/LMS/web/school/admin/book/controller/Edit_Book_Controller.jsp</file>
            <file>file:/C:/Users/ONPRICE9/Documents/NetBeansProjects/LMS/web/school/admin/book/view/Add_Book.jsp</file>
            <file>file:/C:/Users/ONPRICE9/Documents/NetBeansProjects/LMS/src/java/common/DBConnection_LMS_Portal.java</file>
            <file>file:/C:/Users/ONPRICE9/Documents/NetBeansProjects/LMS/web/vendor/datatables/jquery.dataTables_themeroller.css</file>
            <file>file:/C:/Users/ONPRICE9/Documents/NetBeansProjects/LMS/web/school/admin/Student/view/Complete_Details_Of_Student.jsp</file>
            <file>file:/C:/Users/ONPRICE9/Documents/NetBeansProjects/LMS/web/school/admin/author/view/Search_Author.jsp</file>
        </group>
    </open-files>
</project-private>
